Handle,Title,Body (HTML),Vendor,Product Category,Type,Tags,Published,Option1 Name,Option1 Value,Option2 Name,Option2 Value,Option3 Name,Option3 Value,Variant SKU,Variant Grams,Variant Inventory Tracker,Variant Inventory Qty,Variant Inventory Policy,Variant Fulfillment Service,Variant Price,Variant Compare At Price,Variant Requires Shipping,Variant Taxable,Image Src,Image Position,Image Alt Text,Status
christmas-led-string-lights,Christmas LED String Lights,"<p>Warm up your tree, balcony or window with 200 bright LEDs on a flexible green copper wire. Plug-in, with 8 lighting modes and a 6-hour timer.</p><p>Safe to use indoors and outdoors (IP44).</p>",Reelsmith Lights,Home & Garden > Decor > Seasonal & Holiday Decorations,String Lights,"christmas, led, string lights, outdoor",TRUE,Color,Warm White,Length,10m,,,XMAS-LED-WARMWHITE-10M,450,shopify,50,deny,manual,24.99,39.99,TRUE,TRUE,https://cdn.example.com/xmas-led/hero.jpg,1,LED string lights wrapped around a Christmas tree,active
christmas-led-string-lights,,,,,,,,,Warm White,,20m,,,XMAS-LED-WARMWHITE-20M,780,shopify,50,deny,manual,34.99,54.99,TRUE,TRUE,,,,
christmas-led-string-lights,,,,,,,,,Cool White,,10m,,,XMAS-LED-COOLWHITE-10M,450,shopify,50,deny,manual,24.99,39.99,TRUE,TRUE,,,,
christmas-led-string-lights,,,,,,,,,Cool White,,20m,,,XMAS-LED-COOLWHITE-20M,780,shopify,50,deny,manual,34.99,54.99,TRUE,TRUE,,,,
christmas-led-string-lights,,,,,,,,,Multicolor,,10m,,,XMAS-LED-MULTICOLOR-10M,450,shopify,50,deny,manual,24.99,39.99,TRUE,TRUE,,,,
christmas-led-string-lights,,,,,,,,,Multicolor,,20m,,,XMAS-LED-MULTICOLOR-20M,780,shopify,0,continue,manual,34.99,54.99,TRUE,TRUE,,,,
christmas-led-string-lights,,,,,,,,,,,,,,,,,,,,,,,,https://cdn.example.com/xmas-led/balcony.jpg,2,Christmas LED String Lights,
christmas-led-string-lights,,,,,,,,,,,,,,,,,,,,,,,,https://cdn.example.com/xmas-led/remote.jpg,3,Christmas LED String Lights,
led-star-tree-topper,LED Star Tree Topper,<p>Gold star topper with 30 warm white LEDs. Battery powered.</p>,Reelsmith Lights,,Tree Toppers,"christmas, tree topper",TRUE,Title,Default Title,,,,,LED-STAR-TREE-TOPPER,200,shopify,50,deny,manual,14.50,,TRUE,TRUE,https://cdn.example.com/star-topper/front.jpg,1,LED Star Tree Topper,active
